insert into user_info values('user1','password1','User');
insert into user_info values('user2','password2','User');
insert into user_info values('user3','password3','User');
insert into user_info values('user4','password4','User');
insert into user_info values('admin1','admin1','Admin');
insert into item_info values('Ijnzunbxsr','user1','SPORTINGGOODS','NEW','gloves',34,'2024-05-12 10:47:28.451177','2024-06-14 15:30:00')
insert into item_info values('Ilbwxjgfhm','user1','BOOKS','NEW','DB book',12,'2024-05-12 14:00:11.430199','2024-06-15 12:30:00')
insert into item_info values('Iwjdgmzveh','user5','ELECTRONICS','NEW','phone',1557,'2024-05-12 23:29:15.387197','2024-06-14 12:00:00')
insert into item_info values('Iwizoofqzl','user2','ELECTRONICS','NEW','computer',1500,'2014-05-13 07:46:23.443347','2015-05-05 12:00:00')
insert into bid_info values('Boogcodsex','Ijnzunbxsr','user2','2024-05-12 13:58:02.37164',12)
insert into bid_info values('Bkdiuvnqyj','Ijnzunbxsr','user3','2024-05-12 14:10:57.521254',13)
insert into bid_info values('Baabbccdde','Ijnzunbxsr','user4','2024-05-12 14:10:58.112233',14)
insert into bid_info values('Bgdrwxomdl','Ilbwxjgfhm','user2','2024-05-12 14:00:44.124101',11)
insert into bid_info values('Blkxwpcbpu','Ilbwxjgfhm','user3','2024-05-12 14:11:32.977217',11)
insert into bid_info values('Bsgmqyhzxg','Ilbwxjgfhm','user5','2024-05-12 23:28:52.043145',11)
insert into bid_info values('Btestingaa','Iwizoofqzl','user3','2014-05-21 12:12:12.122222',1300)
insert into bid_info values('Btestingab','Iwizoofqzl','user4','2014-05-21 12:12:12.122223',1300)